{"text": "2024-07-24T11:11:38.901068+0300 INFO Данные успешно загружены в базу данных.\n", "record": {"elapsed": {"repr": "0:00:01.450696", "seconds": 1.450696}, "exception": null, "extra": {}, "file": {"name": "excel_to_bd_utilit.py", "path": "D:\\YandexDisk\\Programm\\pars_hh\\utilits\\excel_to_bd_utilit.py"}, "function": "<module>", "level": {"icon": "ℹ️", "name": "INFO", "no": 20}, "line": 29, "message": "Данные успешно загружены в базу данных.", "module": "excel_to_bd_utilit", "name": "__main__", "process": {"id": 17072, "name": "MainProcess"}, "thread": {"id": 24700, "name": "MainThread"}, "time": {"repr": "2024-07-24 11:11:38.901068+03:00", "timestamp": 1721808698.901068}}}
{"text": "2024-07-24T11:11:54.261307+0300 INFO Данные успешно загружены в базу данных.\n", "record": {"elapsed": {"repr": "0:00:01.055398", "seconds": 1.055398}, "exception": null, "extra": {}, "file": {"name": "excel_to_bd_utilit.py", "path": "D:\\YandexDisk\\Programm\\pars_hh\\utilits\\excel_to_bd_utilit.py"}, "function": "<module>", "level": {"icon": "ℹ️", "name": "INFO", "no": 20}, "line": 29, "message": "Данные успешно загружены в базу данных.", "module": "excel_to_bd_utilit", "name": "__main__", "process": {"id": 10364, "name": "MainProcess"}, "thread": {"id": 5012, "name": "MainThread"}, "time": {"repr": "2024-07-24 11:11:54.261307+03:00", "timestamp": 1721808714.261307}}}
{"text": "2024-07-24T11:12:36.185115+0300 INFO Данные успешно загружены в базу данных.\n", "record": {"elapsed": {"repr": "0:00:01.054867", "seconds": 1.054867}, "exception": null, "extra": {}, "file": {"name": "excel_to_bd_utilit.py", "path": "D:\\YandexDisk\\Programm\\pars_hh\\utilits\\excel_to_bd_utilit.py"}, "function": "<module>", "level": {"icon": "ℹ️", "name": "INFO", "no": 20}, "line": 30, "message": "Данные успешно загружены в базу данных.", "module": "excel_to_bd_utilit", "name": "__main__", "process": {"id": 10460, "name": "MainProcess"}, "thread": {"id": 15036, "name": "MainThread"}, "time": {"repr": "2024-07-24 11:12:36.185115+03:00", "timestamp": 1721808756.185115}}}
{"text": "2024-07-24T11:15:24.586325+0300 INFO Данные успешно загружены в базу данных.\n", "record": {"elapsed": {"repr": "0:00:01.797023", "seconds": 1.797023}, "exception": null, "extra": {}, "file": {"name": "excel_to_bd_utilit.py", "path": "D:\\YandexDisk\\Programm\\pars_hh\\utilits\\excel_to_bd_utilit.py"}, "function": "<module>", "level": {"icon": "ℹ️", "name": "INFO", "no": 20}, "line": 30, "message": "Данные успешно загружены в базу данных.", "module": "excel_to_bd_utilit", "name": "__main__", "process": {"id": 24512, "name": "MainProcess"}, "thread": {"id": 17392, "name": "MainThread"}, "time": {"repr": "2024-07-24 11:15:24.586325+03:00", "timestamp": 1721808924.586325}}}
